------------ COLLEGE MANAGEMENT SYSTEM ------------

-- 📌 Objective -  Manage student academic records and attendance.

-- to create database named project
CREATE DATABASE PROJECT;

-- to use database project
USE PROJECT;

-- to create student, course, faculty, attendence, results and course_faculty tables

CREATE TABLE STUDE(
STUDENT_ID INT,
STUDENT_NAME VARCHAR(50),
DEPARTMENT VARCHAR(50),
YEAR INT
);

CREATE TABLE COURSE(
COURSE_ID INT,
COURSE_NAME VARCHAR(50),
CREDITS INT
);

CREATE TABLE FACULTY(
FACULTY_ID INT,
FACULTY_NAME VARCHAR(50),
DEPARTMENT VARCHAR(50)
);

CREATE TABLE ATTEN(
ATTENDENCE_ID INT,
STUDENT_ID INT,
COURSE_ID INT,
ATTENDED_CLASSES INT,
TOTAL_CLASSES INT
);

CREATE TABLE RESULTS(
RESULT_ID INT,
STUDENT_ID INT,
COURSE_ID INT,
MARKS FLOAT,
GRADE CHAR(2)
);

CREATE TABLE COURSE_FACULTY(
COURSE_ID INT,
FACULTY_ID INT
);

-- TO INSERT VALUES IN THIS TABLES

INSERT INTO STUDE VALUES
(1, 'Amit Sharma', 'Computer', 2),
(2, 'Neha Verma', 'IT', 3),
(3, 'Raj Mehta', 'Computer', 1),
(4, 'Sneha Patil', 'Electronics', 2),
(5, 'Arjun Singh', 'Mechanical', 4);

INSERT INTO COURSE VALUES
(101, 'Database Management', 4),
(102, 'Data Structures', 3),
(103, 'Operating Systems', 4),
(104, 'Computer Networks', 3);

INSERT INTO Faculty VALUES
(201, 'Dr. Rao', 'Computer'),
(202, 'Prof. Mehta', 'IT'),
(203, 'Dr. Kulkarni', 'Electronics');

INSERT INTO ATTEN VALUES
(1, 1, 101, 42, 50),
(2, 2, 102, 38, 50),
(3, 3, 101, 30, 50),
(4, 4, 103, 45, 50),
(5, 5, 104, 40, 50);

INSERT INTO RESULTS VALUES
(1, 1, 101, 88, 'A'),
(2, 2, 102, 75, 'B'),
(3, 3, 101, 60, 'C'),
(4, 4, 103, 92, 'A'),
(5, 5, 104, 70, 'B');

INSERT INTO Course_Faculty VALUES
(101, 201),
(102, 202),
(103, 203),
(104, 201);

-- TO SLOVE IMPORTANT QUERIES

-- 1. view all students
SELECT * FROM STUDE;

-- 2. top performing students
SELECT STUDENT_NAME, MARKS 
FROM STUDE AS S
INNER JOIN RESULTS AS R
ON S.STUDENT_ID = R.STUDENT_ID
ORDER BY MARKS DESC;

-- 3. attendence percentage
SELECT STUDENT_NAME, COURSE_NAME, (ATTENDED_CLASSES * 100/ TOTAL_CLASSES) AS ATTENDENCE_PERCENTAGE
FROM STUDE AS S
INNER JOIN ATTEN AS A
ON A.STUDENT_ID = S.STUDENT_ID
INNER JOIN COURSE AS C
ON A.COURSE_ID = C.COURSE_ID;

-- 4. students below 75% attendence
SELECT STUDENT_NAME, (ATTENDED_CLASSES * 100/ TOTAL_CLASSES) AS ATTENDENCE_PERCENTAGE
FROM STUDE AS S
INNER JOIN ATTEN AS A
ON S.STUDENT_ID = A.STUDENT_ID
WHERE (ATTENDED_CLASSES * 100/ TOTAL_CLASSES) < 75;

-- 5. course enrollement analysis
SELECT COURSE_NAME, COUNT(STUDENT_ID) AS TOTAL_STUDENT
FROM COURSE AS C
INNER JOIN ATTEN AS A
ON A.COURSE_ID = C.COURSE_ID
GROUP BY COURSE_NAME;

-- 6. faculty worklod
SELECT FACULTY_NAME, COUNT(COURSE_ID) AS TOTAL_COURSE
FROM FACULTY AS F
INNER JOIN COURSE_FACULTY AS CF
ON F.FACULTY_ID = CF.FACULTY_ID
GROUP BY FACULTY_NAME;

-- 7. nested query - students above avg marks 
SELECT STUDENT_NAME FROM STUDE
WHERE STUDENT_ID IN(
    SELECT STUDENT_ID FROM RESULTS 
    WHERE MARKS > (
        SELECT AVG(MARKS) FROM RESULTS)
        );

-- 8. create view - students performance summary
CREATE VIEW STUDENT_PERFORMANCE AS
SELECT STUDENT_NAME, COURSE_NAME, MARKS, GRADE
FROM STUDE AS S
INNER JOIN RESULTS AS R
ON S.STUDENT_ID = R.STUDENT_ID
INNER JOIN COURSE AS C
ON R.COURSE_ID = C.COURSE_ID;

SELECT * FROM STUDENT_PERFORMANCE;







